CountryCode,Country,SeriesCode,MDG,Series,1990,Footnotes,Type,1991,Footnotes,Type,1992,Footnotes,Type,1993,Footnotes,Type,1994,Footnotes,Type,1995,Footnotes,Type,1996,Footnotes,Type,1997,Footnotes,Type,1998,Footnotes,Type,1999,Footnotes,Type,2000,Footnotes,Type,2001,Footnotes,Type,2002,Footnotes,Type,2003,Footnotes,Type,2004,Footnotes,Type,2005,Footnotes,Type,2006,Footnotes,Type,2007,Footnotes,Type,2008,Footnotes,Type,2009,Footnotes,Type,2010,Footnotes,Type,2011,Footnotes,Type,2012,Footnotes,Type,2013,Footnotes,Type,2014,Footnotes,Type,2015,Footnotes,Type
"4","Afghanistan","611","Y","Gender Parity Index in primary level enrolment","0.55","","C","0.55","","C","","","","0.34","","C","0.49","","C","0.49","","C","","","","","","","","","","0.08","","C","0.00","","C","0.00","","C","0.45","","C","0.55","","C","0.43","","C","0.58","","C","0.62","","C","0.61","","C","0.64","","C","0.66","","C","0.68","","C","0.71","","C","0.72","","C","0.70","","C","","",""," "," "," "
"8","Albania","611","Y","Gender Parity Index in primary level enrolment","0.97","","C","0.98","","C","0.99","","C","1.01","","C","0.98","","C","0.97","","C","0.97","","C","0.98","","C","0.98","","C","0.98","","C","0.98","","C","0.99","","C","0.96","","C","0.96","","C"," "," "," "," "," "," "," "," "," "," "," "," "," "," "," "," "," "," "," "," "," "," "," "," "," "," "," "," "," "," ","","",""," "," "," "
"12","Algeria","611","Y","Gender Parity Index in primary level enrolment","0.84","","C","0.85","","C","0.86","","C","0.86","","C","0.87","","C","0.88","","C","0.89","","C","0.90","","C","0.91","","C","0.91","","C","0.91","","C","0.91","","C","0.92","","C","0.92","","C","0.92","","C","0.92","","C","0.93","","C","0.94","","C","0.94","","C","0.94","","C","0.94","","C","0.94","","C","0.94","","C","0.95","","C","","",""," "," "," "
"16","American Samoa","611","Y","Gender Parity Index in primary level enrolment","1.01","","C","1.02","","E","1.02","","C","","","","","","","","","","","","","","","","","","","","","","","","","","","","","","","","","","","","","","","","","","","","","","","","","","","","","","","","","","","","","","","","","",""," "," "," "
"20","Andorra","611","Y","Gender Parity Index in primary level enrolment","","","","","","","","","","","","","","","","","","","","","","","","","","","","","","","","","","","",""," "," "," "," "," "," "," "," "," "," "," "," "," "," "," "," "," "," "," "," "," "," "," "," "," "," "," "," "," "," "," "," "," "," "," "," ","","",""," "," "," "
"24","Angola","611","Y","Gender Parity Index in primary level enrolment","0.92","","C","0.91","","C","0.86","","C","","","","","","","","","","","","","","","","0.82","","C","","","","","",""," "," "," ","","",""," "," "," "," "," "," ","","","","","",""," "," "," ","0.86","","C","0.85","","C","0.81","","C","0.64","","C","","","","","","","","",""," "," "," "
"660","Anguilla","611","Y","Gender Parity Index in primary level enrolment","","","","","","","","",""," "," "," ","","","","","","","","","","","","","","","","","",""," "," "," "," "," "," ","","",""," "," "," "," "," "," "," "," "," ","","","","","","","","","","","","","","","","","","","","","","","","","","",""," "," "," "
"28","Antigua and Barbuda","611","Y","Gender Parity Index in primary level enrolment","","","","","","","0.92","","C","","","","","","","","","","","","","","","","","","","","",""," "," "," ","","","","","","","","","","","","","","","","","","","0.97","","C","0.96","","C","0.96","","C","0.92","","C","0.92","","C","0.93","","C","","","","","",""," "," "," "
"32","Argentina","611","Y","Gender Parity Index in primary level enrolment","0.99","","C","0.99","","C","","","","","","","","","","","","","0.99","","C","1.00","","C","0.99","","C","0.99","","C","0.98","","C","0.99","","C","0.99","","C","0.99","","C","0.99","","C","0.99","","C","0.98","","C","0.99","","C","0.99","","C","0.99","","C","0.98","","C","0.99","","C","0.99","","C","","","","","",""," "," "," "
"51","Armenia","611","Y","Gender Parity Index in primary level enrolment","","","","1.05","","C","1.03","","C","1.03","","C","1.04","","C","1.02","","C","1.02","","C","1.05","","C","","","","1.08","","C","1.00","","C","1.02","","C","1.02","","C","1.03","","C","1.06","","C","1.08","","C","1.10","","C","1.10","","C","1.10","","C","1.14","","C"," "," "," "," "," "," "," "," "," "," "," "," ","","",""," "," "," "
"533","Aruba","611","Y","Gender Parity Index in primary level enrolment","","","","","","","","","","","","","","","","","","","","","","","","","","","","0.98","","C","0.97","","C","0.97","","C","0.95","","C","0.93","","C","0.92","","C","0.94","","C","0.96","","C","0.96","","C","0.96","","C","0.97","","C","0.99","","C","0.97","","C","1.03","","C","","","","","",""," "," "," "
"36","Australia","611","Y","Gender Parity Index in primary level enrolment","1.00","","C","1.00","","C","1.00","","C","1.00","","C","1.00","","C","1.00","","C","1.00","","C","0.99","","C","1.00","","C","1.00","","C","1.00","","C","1.00","","C","1.00","","C","1.00","","C","1.00","","C","1.00","","C","1.00","","C","1.00","","C","1.00","","C","1.00","","C","1.00","","C","1.00","","C","1.00","","C","0.99","","C","","",""," "," "," "
"40","Austria","611","Y","Gender Parity Index in primary level enrolment","1.00","","C","1.00","","C","0.99","","C","0.99","","C","0.99","","C","0.99","","C","0.99","","C","0.99","","C","0.99","","C","0.99","","C","0.99","","C","0.99","","C","0.99","","C","0.99","","C","1.00","","C","0.99","","C","0.99","","C","0.98","","C","0.98","","C","0.99","","C","0.99","","C","0.99","","C","1.00","","C","1.00","","C","","",""," "," "," "
"31","Azerbaijan","611","Y","Gender Parity Index in primary level enrolment","","","","0.99","","C","1.00","","C","0.99","","C","0.96","","C","1.14","","C","1.10","","C","0.99","","C","0.99","","C","1.00","","C","0.98","","C","0.98","","C","0.98","","C","0.94","","C","0.96","","C","0.95","","C","0.94","","C","1.00","","C","0.99","","C","0.99","","C","0.99","","C","0.98","","C","0.98","","C","","","","","",""," "," "," "
"44","Bahamas","611","Y","Gender Parity Index in primary level enrolment","","","","","","","1.01","","C","1.02","","C","","","","1.00","","C","1.04","","C","1.00","","C","1.00","","C","0.97","","C","","","","","","","1.00","","C","","","","0.99","","E","0.99","","C","0.99","","C","0.99","","C","1.00","","C","1.03","","C","1.02","","C","","","","","","","","","","","",""," "," "," "
"48","Bahrain","611","Y","Gender Parity Index in primary level enrolment","1.03","","C","1.01","","C","1.01","","C","1.02","","C","1.02","","C","1.01","","C","1.00","","C","0.99","","C","0.98","","C","0.97","","C"," "," "," "," "," "," "," "," "," "," "," "," "," "," "," "," "," "," "," "," "," ","","",""," "," "," "," "," "," "," "," "," "," "," "," "," "," "," "," "," "," ","","",""," "," "," "
"50","Bangladesh","611","Y","Gender Parity Index in primary level enrolment","0.84","","C","","","","","","","","","","","","","","","","","","","","","","","",""," "," "," ","","","","","","","","",""," "," "," ","","","","1.05","","C","1.06","","C","1.08","","C","1.07","","C","1.05","","C","1.07","","C","1.06","","C","","",""," "," "," ","","",""," "," "," "
"52","Barbados","611","Y","Gender Parity Index in primary level enrolment","0.98","","C","","","","1.01","","C","","","","","","","","","","","","","","","","","","","1.04","","C","1.05","","C","1.06","","C","1.07","","C","1.06","","C","1.06","","C","1.07","","C","1.05","","C","1.07","","C","1.05","","C","1.04","","C","1.02","","C","0.99","","C","","","","","","","","",""," "," "," "
"112","Belarus","611","Y","Gender Parity Index in primary level enrolment","","","","","","","","","","0.99","","C","0.99","","C","0.96","","C","0.96","","C","0.95","","C","0.96","","C","0.98","","C","0.99","","C","0.99","","C","0.99","","C","0.99","","C","0.97","","C","0.97","","C","0.98","","C","0.98","","C","1.00","","C","0.99","","C","1.00","","C","1.00","","C","1.00","","C","1.00","","C","","",""," "," "," "
"56","Belgium","611","Y","Gender Parity Index in primary level enrolment","1.01","","C","1.01","","C","1.01","","C","0.99","","C","0.99","","C","0.99","","C","0.99","","C","","","","","","","0.99","","C","0.99","","C","0.99","","C","0.99","","C","0.99","","C","1.00","","C","1.00","","C","0.99","","C","1.00","","C","1.00","","C","1.00","","C","1.00","","C","1.00","","C","0.99","","C","1.00","","C","","",""," "," "," "
"84","Belize","611","Y","Gender Parity Index in primary level enrolment","","","","0.96","","C","0.95","","C","0.95","","C","0.95","","C","0.96","","C","0.95","","C","0.96","","C","","","","0.96","","C","0.95","","C","0.96","","C","0.96","","C","0.97","","C","0.97","","C","0.96","","C","0.97","","C","0.98","","C","0.97","","C","0.97","","C","0.97","","C","0.97","","C","0.97","","C","0.96","","C","","",""," "," "," "
"204","Benin","611","Y","Gender Parity Index in primary level enrolment","0.50","","C","0.49","","C","0.50","","C","0.51","","C","0.54","","C","0.55","","C","0.57","","C","0.59","","C","0.62","","C","0.64","","C","0.67","","C","0.68","","C","0.70","","C","0.72","","C","0.75","","C","0.77","","C","0.80","","C","","","","0.84","","C","0.86","","C","0.88","","C","0.88","","C","0.89","","C","0.90","","C","","",""," "," "," "
"60","Bermuda","611","Y","Gender Parity Index in primary level enrolment","","","","","","","","","","","","","","","","1.00","","C","","","","1.00","","C","","","","","","","","","","1.01","","C","1.04","","C","1.04","","C","1.06","","C","1.05","","C","1.07","","C","","","","","","","","","","1.00","","E","0.98","","C","0.97","","C","0.97","","C","","",""," "," "," "
"64","Bhutan","611","Y","Gender Parity Index in primary level enrolment","","","","0.60","","C","0.75","","C","0.76","","C","0.77","","C","0.78","","C","0.80","","C","0.82","","C","0.83","","C","0.85","","C","0.87","","C","0.89","","C","0.91","","C","0.94","","C","0.97","","C","0.97","","C","0.99","","C","0.99","","C","1.01","","C","1.02","","C","1.02","","C","1.02","","C","1.02","","C","1.01","","C","","",""," "," "," "
"68","Bolivia","611","Y","Gender Parity Index in primary level enrolment","0.93","","C","0.94","","C","0.94","","C","0.96","","C","0.96","","C","0.96","","C","0.97","","C","0.97","","C","0.98","","C","0.98","","C","0.99","","C","0.99","","C","0.99","","C","0.99","","C","1.00","","C","","","","1.00","","C","1.00","","C","0.99","","C","0.99","","C","0.99","","C","0.98","","C","0.98","","C","0.97","","C","","",""," "," "," "
"70","Bosnia and Herzegovina","611","Y","Gender Parity Index in primary level enrolment","","","","","","","","","","","","","","","","","","","","","","","","","","","","","","","","","","","","","","","","","","","","","","","","","","",""," "," "," "," "," "," "," "," "," "," "," "," "," "," "," "," "," "," "," "," "," ","","",""," "," "," "
"72","Botswana","611","Y","Gender Parity Index in primary level enrolment","1.07","","C","1.07","","C","1.05","","C","1.04","","C","1.03","","C","1.01","","C","1.01","","C","1.01","","C","1.00","","C","1.00","","C","1.00","","C","1.00","","C","0.99","","C","0.99","","C","0.98","","C","0.99","","C","0.98","","C","0.97","","C","0.97","","C","0.97","","C","","","","","","","0.97","","C","","","","","",""," "," "," "
"76","Brazil","611","Y","Gender Parity Index in primary level enrolment"," "," "," "," "," "," "," "," "," "," "," "," "," "," "," ","","","","","",""," "," "," ","","",""," "," "," "," "," "," "," "," "," "," "," "," "," "," "," "," "," "," "," "," "," ","","",""," "," "," "," "," "," "," "," "," "," "," "," "," "," "," "," "," "," "," "," "," ","","",""," "," "," "
"92","British Virgin Islands","611","Y","Gender Parity Index in primary level enrolment","","","","","","","","","","","","","","","","","","","","","","","","","","","","","","","","","","","","","","","","","","","","","","","","","","","","","","","","","","","",""," "," "," ","","","","","","","","","","","",""," "," "," "
"96","Brunei Darussalam","611","Y","Gender Parity Index in primary level enrolment","","","","0.94","","C","0.95","","C","0.97","","C","0.97","","C","0.97","","C","0.98","","C","0.97","","C","0.97","","C","0.95","","C","0.97","","C","0.97","","C","0.97","","C","0.98","","C","0.98","","C","0.99","","C","0.99","","C","0.98","","C","0.99","","C","0.99","","C","0.99","","C","0.99","","C","0.98","","C","0.99","","C","","",""," "," "," "
"100","Bulgaria","611","Y","Gender Parity Index in primary level enrolment","0.98","","C","0.98","","C","0.98","","C","0.98","","C","1.00","","C","0.99","","C","0.98","","C","0.98","","C","0.97","","C","0.97","","C","0.97","","C","0.97","","C","0.98","","C","0.98","","C","0.98","","C","0.99","","C","0.99","","C","0.99","","C","1.00","","C","1.00","","C","1.00","","C","1.00","","C","0.99","","C","0.99","","C","","",""," "," "," "
"854","Burkina Faso","611","Y","Gender Parity Index in primary level enrolment","0.63","","C","0.64","","C","0.65","","C","0.65","","C","0.66","","C","0.66","","C","0.67","","C","","","","0.69","","C","0.70","","C","0.71","","C","0.72","","C","0.74","","C","0.75","","C","0.78","","C","0.80","","C","0.82","","C","0.84","","C","0.87","","C","0.89","","C","0.91","","C","0.93","","C","0.95","","C","0.97","","C","","",""," "," "," "
"108","Burundi","611","Y","Gender Parity Index in primary level enrolment","0.80","","C","0.84","","C","0.82","","C","0.82","","C","","","","0.80","","C","0.85","","C","0.84","","C","0.81","","C","0.78","","C","0.79","","C","0.79","","C","0.77","","C","0.79","","C","0.82","","C","0.84","","C","0.89","","C","0.91","","C","0.93","","C","0.95","","C","0.97","","C","0.98","","C","0.99","","C","1.01","","C","","",""," "," "," "
"116","Cambodia","611","Y","Gender Parity Index in primary level enrolment","","","","","","","","","","","","","0.84","","C","0.82","","C","","","","0.83","","C","0.84","","C","0.87","","C","0.88","","C","0.89","","C","0.90","","C","0.91","","C","0.92","","C","0.93","","C","0.94","","C","0.94","","C","0.94","","C","0.94","","C","0.96","","C","0.95","","C","0.95","","C","0.93","","C","","",""," "," "," "
"120","Cameroon","611","Y","Gender Parity Index in primary level enrolment","0.86","","C","0.86","","C","0.92","","C","","","","0.90","","C","0.90","","C","0.86","","C","0.87","","C","0.83","","C","0.82","","C","0.85","","C","0.87","","C","0.86","","C","0.85","","C","0.86","","C","0.84","","E","0.84","","C","0.86","","C","0.86","","C","0.87","","C","0.86","","C","0.87","","C","0.88","","C","","","","0.89","","C"," "," "," "
"124","Canada","611","Y","Gender Parity Index in primary level enrolment","0.99","","C","0.98","","C","0.99","","C","0.99","","C","0.99","","C","0.99","","C","0.99","","C","","","","1.00","","C","1.00","","C","1.00","","C","","","","","","","","","","0.99","","E","0.99","","C","0.99","","C","1.00","","C","1.00","","C","1.00","","C","1.00","","C","1.01","","C","1.01","","C","","","","","",""," "," "," "
"132","Cape Verde","611","Y","Gender Parity Index in primary level enrolment","0.97","","C","0.99","","C","","","","","","","0.97","","C","","","","","","","","","","0.96","","C","0.95","","C","0.96","","C","0.96","","C","0.96","","C","0.95","","C","0.95","","C","0.95","","C","0.95","","C","0.94","","C","0.94","","C","0.93","","C","0.93","","C","0.92","","C","0.91","","C","0.92","","C","","",""," "," "," "
"136","Cayman Islands","611","Y","Gender Parity Index in primary level enrolment","","","","","","","","","","","","","","","","","","","","","","","","","","",""," "," "," "," "," "," "," "," "," "," "," "," ","","",""," "," "," "," "," "," "," "," "," "," "," "," "," "," "," ","","","","","",""," "," "," "," "," "," "," "," "," ","","",""," "," "," "
"140","Central African Republic","611","Y","Gender Parity Index in primary level enrolment","0.63","","C","0.64","","C","0.66","","C","","","","","","","","","","","","","","","","","","","","","","","","","0.68","","C","0.67","","C","0.69","","C","0.66","","C","0.69","","C","0.69","","C","0.70","","C","0.70","","C","0.71","","C","0.71","","C","0.73","","C","0.74","","C","","","","","",""," "," "," "
"148","Chad","611","Y","Gender Parity Index in primary level enrolment","0.44","","C","0.46","","C","0.48","","C","0.48","","C","0.48","","C","0.49","","C","0.50","","C","0.53","","C","0.55","","C","0.59","","C","0.61","","C","0.64","","C","0.65","","C","0.67","","C","0.66","","C","0.68","","C","0.68","","C","0.70","","C","0.71","","C","0.71","","C","0.74","","C","0.75","","C","0.76","","C","0.77","","C","","",""," "," "," "
"830","Channel Islands","611","Y","Gender Parity Index in primary level enrolment","","","","","","","","","","","","","","","","","","","","","","","","","","","","","","","","","","","","","","","","","","","","","","","","","","","","","","","","","","","","","","","","","","","","","","","","","","",""," "," "," "
"152","Chile","611","Y","Gender Parity Index in primary level enrolment","0.98","","C","0.98","","C","0.98","","C","0.98","","C","","","","","","","0.97","","C","0.97","","C","0.97","","C","0.97","","C","0.98","","C","","","","0.98","","C","0.97","","C","0.95","","C","0.96","","C","0.95","","C","0.95","","C","0.95","","C","0.95","","C","0.97","","C","0.97","","C","0.97","","C","0.97","","C","","",""," "," "," "
"156","China","611","Y","Gender Parity Index in primary level enrolment","0.90","","C","0.91","","C","0.93","","C","0.93","","C","0.94","","C","0.96","","C","0.97","","C","0.98","","C","0.99","","C"," "," "," "," "," "," ","1.01","","C","1.01","","C","1.01","","C"," "," "," "," "," "," ","1.00","","C","1.00","","C","1.00","","C","1.00","","C","1.00","","C","1.00","","C","1.00","","C","1.01","","C","","",""," "," "," "
"344","China, Hong Kong Special Administrative Region","611","Y","Gender Parity Index in primary level enrolment","","","","","","","","","","","","","","","","1.00","","C","0.99","","C","","","","0.98","","C","0.97","","C"," "," "," "," "," "," "," "," "," "," "," "," "," "," "," "," "," "," "," "," "," "," "," "," ","0.98","","C","0.98","","C","0.98","","C","0.98","","C","0.98","","C","0.98","","C","","",""," "," "," "
"446","China, Macao Special Administrative Region","611","Y","Gender Parity Index in primary level enrolment","0.95","","C","0.96","","C","0.96","","C","0.96","","C","","","","","","","","","","","","","","","","0.99","","C"," "," "," "," "," "," "," "," "," "," "," "," "," "," "," "," "," "," "," "," "," "," "," "," "," "," "," "," "," "," "," "," "," "," "," "," "," "," "," "," "," "," ","","",""," "," "," "
"170","Colombia","611","Y","Gender Parity Index in primary level enrolment","1.15","","C","1.02","","C","1.06","","C","1.02","","C","0.99","","C","0.99","","C","1.00","","C","","","","0.97","","C","1.00","","C","1.00","","C","0.99","","C","0.99","","C","","","","0.99","","C","0.98","","C","0.98","","C","0.99","","C","0.99","","C","1.00","","C","0.98","","C"," "," "," "," "," "," "," "," "," ","","",""," "," "," "
"174","Comoros","611","Y","Gender Parity Index in primary level enrolment","0.70","","C","0.73","","C","0.84","","C","0.87","","C","0.82","","C","","","","","","","","","","0.85","","C","0.85","","C","0.85","","E","","","","0.82","","C","0.82","","C","0.88","","C","","","","","","","0.90","","C","0.92","","C","","","","","","","0.85","","C","","","","0.94","","C","","",""," "," "," "
"178","Congo","611","Y","Gender Parity Index in primary level enrolment","0.94","","C","0.92","","C","0.94","","C","0.94","","C","0.94","","C","0.85","","C","0.94","","C","0.90","","C","0.90","","C","0.96","","C","0.92","","C","0.94","","C","0.94","","C","0.94","","C","0.94","","C","0.93","","C","0.91","","C","0.93","","C","0.93","","C","0.93","","C","0.95","","C","0.94","","C","1.07","","C","","","","","",""," "," "," "
"184","Cook Islands","611","Y","Gender Parity Index in primary level enrolment","","","","","","","","","","","","","","","","","","","","","","","","","1.00","","C","0.95","","C","1.01","","C","0.96","","C","0.96","","C","0.97","","C","","","","1.03","","C","","","","0.95","","C","","","","1.01","","C","0.99","","C","0.97","","C","0.95","","C","0.98","","C","","",""," "," "," "
"188","Costa Rica","611","Y","Gender Parity Index in primary level enrolment","0.99","","C","0.99","","C","0.99","","C","0.99","","C","1.00","","C","1.00","","C","1.00","","C","0.99","","C","0.99","","C","0.99","","C","0.98","","C","0.99","","C","0.98","","C","","","","0.99","","C","0.98","","C","0.99","","C","0.99","","C","0.99","","C","0.99","","C","0.99","","C","0.99","","C","0.99","","C","0.99","","C","","",""," "," "," "
"384","Cote d'Ivoire","611","Y","Gender Parity Index in primary level enrolment","0.71","","C","0.71","","C","0.71","","C","0.71","","C","0.72","","C","0.73","","C","0.73","","C","0.74","","C","0.75","","C","0.75","","C","0.75","","C","0.77","","C","0.74","","C","0.80","","C","","","","","","","0.80","","C","0.80","","C","0.80","","C","0.82","","C","","","","0.84","","C","0.85","","C","0.87","","C","","",""," "," "," "
"191","Croatia","611","Y","Gender Parity Index in primary level enrolment","","","","","","","","","","1.00","","C","1.00","","C","0.99","","C","0.99","","C","0.99","","C","0.99","","C","0.98","","C","0.99","","C","0.99","","C","0.99","","C","0.99","","C","","","","1.00","","C","0.99","","C","1.00","","C","1.00","","C","1.00","","C","1.00","","C","0.99","","C","1.00","","C","","","","","",""," "," "," "
"192","Cuba","611","Y","Gender Parity Index in primary level enrolment","0.96","","C","0.97","","C","0.99","","C","0.99","","C","1.00","","C","1.00","","C","0.97","","C","0.97","","C","0.96","","C","0.97","","C","0.96","","C","0.96","","C","0.96","","C","0.96","","C","0.96","","C","0.96","","C","0.97","","C","0.97","","C","0.98","","C","0.98","","C","0.98","","C","0.98","","C","0.99","","C","0.99","","C","","",""," "," "," "
"196","Cyprus","611","Y","Gender Parity Index in primary level enrolment","1.00","","C","1.00","","C","0.99","","C","1.00","","C","1.00","","C","1.00","","C","0.99","","C","1.00","","C","","","","1.00","","C","1.00","","C","1.00","","C","1.00","","C","1.00","","C","1.00","","C","1.00","","C","1.00","","C","0.99","","C","0.99","","C","0.99","","C","1.00","","C","0.99","","C","1.00","","C"," "," "," ","","",""," "," "," "
"203","Czech Republic","611","Y","Gender Parity Index in primary level enrolment","1.00","","C","1.00","","C","1.17","","C","1.01","","C","1.00","","C","0.99","","C","0.99","","C","0.99","","C","0.99","","C","0.99","","C","0.99","","C","0.99","","C","0.99","","C","0.99","","C","0.99","","C","0.99","","C","0.99","","C","0.99","","C","0.99","","C","0.99","","C","1.00","","C","1.00","","C","1.01","","C","1.01","","C","","",""," "," "," "
"180","Democratic Republic of the Congo","611","Y","Gender Parity Index in primary level enrolment","0.71","","C","0.75","","C","0.76","","C","0.78","","C","0.75","","C","0.69","","C","","","","","","","0.74","","C","0.91","","C","","","","","","","0.79","","C","","","","","","","","","","","","","0.81","","C","0.84","","C","0.85","","C","0.87","","C","0.87","","C","0.88","","C","0.90","","C","","",""," "," "," "
"208","Denmark","611","Y","Gender Parity Index in primary level enrolment","1.00","","C","1.00","","C","1.00","","C","1.00","","C","1.00","","C","1.00","","C","1.00","","C","","","","1.00","","C","1.00","","C","1.00","","C","1.00","","C","1.00","","C","","","","1.00","","C","1.00","","C","1.00","","C","1.00","","C","1.01","","C","1.00","","C","1.00","","C","0.99","","C","0.99","","C","0.99","","C","","",""," "," "," "
"262","Djibouti","611","Y","Gender Parity Index in primary level enrolment","0.74","","C","0.72","","C","0.73","","C","0.78","","C","0.78","","C","0.78","","C","0.75","","C","0.75","","C","0.76","","C","0.72","","C","0.74","","C","0.75","","C","0.77","","C","","","","0.80","","C","0.82","","C","0.82","","C","0.87","","C","0.89","","C","0.90","","C","","","","0.91","","C","0.90","","C","0.88","","C","0.87","","C"," "," "," "
"212","Dominica","611","Y","Gender Parity Index in primary level enrolment","0.94","","C","0.98","","C","1.01","","C","1.07","","C","1.11","","C","1.14","","C","","","","","","","","","","1.03","","C","1.02","","C","1.01","","C","1.00","","C","1.01","","C","1.00","","C","1.00","","C","0.99","","C","0.97","","C","0.97","","C","0.97","","C","0.98","","C","0.99","","C","0.97","","C","0.98","","C","","",""," "," "," "
"214","Dominican Republic","611","Y","Gender Parity Index in primary level enrolment","","","","","","","","","","","","","","","","","","","","","","","","","0.97","","C","0.98","","C","0.97","","C","","","","1.01","","C","1.01","","E","0.95","","C","0.95","","C","0.95","","C","0.94","","C","0.93","","C","0.86","","C","0.88","","C","0.91","","C","0.91","","C","","","","","",""," "," "," "
"218","Ecuador","611","Y","Gender Parity Index in primary level enrolment","","","","","","","","","","0.99","","C","0.99","","C","0.99","","C","0.99","","C","0.99","","C","1.00","","C","1.00","","C","0.99","","C","1.00","","C","1.00","","C","1.00","","C","1.00","","C","1.00","","C","0.99","","C","1.00","","C","","","","1.01","","C","1.00","","C","1.00","","C","1.00","","C","1.00","","C","","",""," "," "," "
"818","Egypt","611","Y","Gender Parity Index in primary level enrolment","0.84","","C","0.83","","C","0.85","","C","0.86","","C","0.85","","C","0.88","","C","0.76","","C","0.87","","C","","","","0.92","","E","0.92","","E","0.93","","E","0.94","","E","0.95","","E","0.96","","E","0.94","","C","0.94","","C","0.95","","C"," "," "," ","0.96","","C","0.96","","C","0.94","","C","0.96","","C","0.98","","C","","",""," "," "," "
"222","El Salvador","611","Y","Gender Parity Index in primary level enrolment","","","","0.99","","C","0.99","","C","0.99","","C","","","","1.00","","C","0.98","","C","0.99","","C","0.98","","C","0.97","","C","0.96","","C","0.97","","C","0.96","","C","0.97","","C","0.97","","C","0.97","","C","0.97","","C","1.00","","C","0.97","","C","0.97","","C","0.96","","C","0.96","","C","0.96","","C","0.96","","C","","",""," "," "," "
"226","Equatorial Guinea","611","Y","Gender Parity Index in primary level enrolment","","","","","","","","","","0.94","","C","0.96","","C","","","","","","","","","","","","","","","","0.82","","C","0.96","","C","0.94","","C","0.97","","C"," "," "," ","0.95","","C","","","","","","","0.95","","C","0.96","","C","0.97","","C","0.98","","C","0.98","","C","","","","","",""," "," "," "
"232","Eritrea","611","Y","Gender Parity Index in primary level enrolment"," "," "," "," "," "," "," "," "," "," "," "," "," "," "," "," "," "," "," "," "," "," "," "," ","","",""," "," "," "," "," "," "," "," "," "," "," "," "," "," "," "," "," "," "," "," "," "," "," "," "," "," "," "," "," "," "," "," "," "," "," "," "," "," "," "," "," "," "," "," "," ","","",""," "," "," "
"233","Estonia","611","Y","Gender Parity Index in primary level enrolment","0.97","","C","0.97","","C","0.97","","C","0.98","","C","0.98","","C","0.97","","C","0.98","","C","0.98","","C","0.97","","C","0.97","","C","0.97","","C","0.96","","C","0.96","","C","0.96","","C","0.97","","C","0.97","","C","0.98","","C","0.99","","C","0.99","","C","0.99","","C","1.00","","C","1.01","","C","1.01","","C","1.00","","C","","",""," "," "," "
"231","Ethiopia","611","Y","Gender Parity Index in primary level enrolment","0.66","","C","0.67","","C","0.73","","C","0.70","","C","0.63","","C","0.60","","C","0.57","","C","0.56","","C","0.59","","C","0.61","","C","0.65","","C","0.69","","C","0.72","","C","0.73","","C","0.78","","C","0.84","","C","0.87","","C"," "," "," "," "," "," "," "," "," "," "," "," "," "," "," "," "," "," ","","","","","",""," "," "," "
"234","Faeroe Islands","611","Y","Gender Parity Index in primary level enrolment","","","","","","","","","","","","","","","","","","","","","","","","","","","","","","","","","","","","","","","","","","","","","","","","","","","","","","","","","","","","","","","","","","","","","","","","","","",""," "," "," "
"238","Falkland Islands (Malvinas)","611","Y","Gender Parity Index in primary level enrolment","","","","","","","","","","","","","","","","","","","","","","","","","","","","","","","","","","","","","","","","","","","","","","","","","","","","","","","","","","","","","","","","","","","","","","","","","","",""," "," "," "
"242","Fiji","611","Y","Gender Parity Index in primary level enrolment","","","","1.00","","C","0.99","","C","","","","0.99","","C","1.00","","C","0.98","","C","0.98","","C","0.99","","C","0.99","","C","0.98","","C","0.99","","C","1.01","","C","1.00","","C","0.99","","C","","","","0.99","","C","0.98","","C","1.00","","C","0.98","","C","","","","1.00","","C","1.01","","C"," "," "," ","","",""," "," "," "
"246","Finland","611","Y","Gender Parity Index in primary level enrolment","0.99","","C","0.99","","C","1.00","","C","1.00","","C","1.00","","C","1.00","","C","1.00","","C","1.00","","C","1.00","","C","1.00","","C","0.99","","C","0.99","","C","0.99","","C","0.99","","C","0.99","","C","0.99","","C","1.00","","C","1.00","","C","0.99","","C","0.99","","C","0.99","","C","0.99","","C","0.99","","C","1.00","","C","","",""," "," "," "
"250","France","611","Y","Gender Parity Index in primary level enrolment","0.98","","C","0.98","","C","0.98","","C","0.98","","C","0.98","","C","0.98","","C","0.98","","C","0.99","","C","0.99","","C","0.99","","C","0.99","","C","0.99","","C","0.99","","C","0.99","","C","0.99","","C","0.99","","C","0.99","","C","0.99","","C","0.99","","C","0.99","","C","0.99","","C","1.00","","C","1.00","","C","1.00","","C","","",""," "," "," "
"254","French Guiana","611","Y","Gender Parity Index in primary level enrolment","","","","","","","","","","","","","0.97","","C","0.99","","E","0.99","","C","","","","","","","","","","","","","","","","","","","","","","","","","","","","","","","","","","","","","","","","","","","","","","","","","","","","","",""," "," "," "
"258","French Polynesia","611","Y","Gender Parity Index in primary level enrolment","0.96","","C","0.96","","C","0.97","","E","0.98","","C","0.97","","E","0.98","","C","0.97","","C","","","","","","","","","","","","","","","","","","","","","","","","","","","","","","","","","","","","","","","","","","","","","","","","","","","","","",""," "," "," "
"266","Gabon","611","Y","Gender Parity Index in primary level enrolment","","","","","","","1.00","","C","","","","1.00","","C","1.00","","C","1.00","","C","1.00","","C","","","","1.00","","C","","","","1.00","","C","1.00","","C","1.00","","C","","","","","","","","","","","","","","","","","","","","","","0.97","","C","","","","","","","","",""," "," "," "
"270","Gambia","611","Y","Gender Parity Index in primary level enrolment","","","","","","","0.69","","C","0.71","","C","0.73","","C","0.75","","C","0.78","","C","0.80","","C","0.82","","C","0.84","","C","0.87","","C","0.90","","C","0.90","","C","0.98","","C","1.01","","C","1.03","","C","1.05","","C","1.05","","C","1.06","","C"," "," "," ","1.02","","C","1.04","","C","1.04","","C","1.04","","C","","",""," "," "," "
"268","Georgia","611","Y","Gender Parity Index in primary level enrolment","","","","1.00","","C","0.99","","C","1.00","","C","0.93","","C","0.98","","C","1.01","","C","0.99","","C","1.00","","C","0.99","","C","0.99","","C","1.01","","C","1.01","","C","0.98","","C","0.96","","C","0.97","","C","1.02","","C","0.98","","C","1.00","","C","1.01","","C","1.03","","C","1.03","","C","1.01","","C","1.01","","C","","",""," "," "," "
"276","Germany","611","Y","Gender Parity Index in primary level enrolment","","","","","","","1.01","","C","0.99","","C","0.99","","C","0.99","","C","0.99","","C","0.99","","C","0.99","","C","0.99","","C","0.99","","C","0.99","","C","0.99","","C","1.00","","C","1.00","","C","1.00","","C","1.00","","C","1.00","","C","1.00","","C","1.00","","C","1.00","","C","0.99","","C","1.00","","C","0.99","","C","","",""," "," "," "
"288","Ghana","611","Y","Gender Parity Index in primary level enrolment","0.84","","C","0.86","","C","0.87","","C","0.88","","C","0.89","","C","0.90","","C","","","","","","","","","","0.92","","C","0.93","","C","0.94","","C","0.94","","C","0.98","","C","0.94","","C","0.96","","C","0.98","","C","0.98","","C","0.98","","C","0.98","","C","","","","0.99","","C","0.96","","C","1.00","","C","1.00","","C"," "," "," "
"300","Greece","611","Y","Gender Parity Index in primary level enrolment","1.00","","C","0.99","","C","1.00","","C","1.00","","C","1.00","","C","1.02","","C","1.00","","C","1.01","","C","1.00","","C","1.00","","C","1.00","","C","1.00","","C","0.99","","C","0.99","","C","0.99","","C","1.00","","C","1.00","","C","1.00","","C","","","","","","","1.00","","C","1.00","","C","1.00","","C","","","","","",""," "," "," "
"304","Greenland","611","Y","Gender Parity Index in primary level enrolment","","","","","","","","","","","","","","","","","","","","","","","","","","","","","","","","","","","","","","","","","","","","","","","","","","","","","","","","","","","","","","","","","","","","","","","","","","",""," "," "," "
"308","Grenada","611","Y","Gender Parity Index in primary level enrolment","","","","","","","","","","0.99","","C","0.94","","C","0.93","","C","0.98","","C","0.99","","C","0.93","","C","0.97","","C","0.97","","C","0.95","","C","0.95","","C","1.00","","C","0.96","","C","0.97","","C"," "," "," ","0.98","","C","0.95","","C","0.94","","C","0.97","","C","","","","","","","0.96","","C","","",""," "," "," "
"312","Guadeloupe","611","Y","Gender Parity Index in primary level enrolment","","","","0.97","","C","0.98","","C","0.97","","C","0.97","","C","","","","","","","","","","","","","","","","","","","","","","","","","","","","","","","","","","","","","","","","","","","","","","","","","","","","","","","","","","","",""," "," "," "
"316","Guam","611","Y","Gender Parity Index in primary level enrolment","","","","","","","","","","","","","","","","","","","","","","","","","","","","","","","","","","","","","","","","","","","","","","","","","","","","","","","","","","","","","","","","","","","","","","","","","","",""," "," "," "
"320","Guatemala","611","Y","Gender Parity Index in primary level enrolment","","","","0.87","","C","0.87","","C","0.87","","C","0.86","","C","0.86","","C","0.86","","C","0.86","","C","0.87","","C","0.87","","C","0.89","","C","0.90","","C","0.91","","C","","","","0.92","","C","0.92","","C","0.93","","C","0.94","","C","0.94","","C","0.96","","C","0.96","","C","0.97","","C","0.96","","C","0.96","","C","","",""," "," "," "
"324","Guinea","611","Y","Gender Parity Index in primary level enrolment","0.45","","C","0.46","","C","0.46","","C","0.46","","C","0.49","","C","0.51","","C","0.53","","C","0.56","","C","0.59","","C","0.62","","C","0.67","","C","0.70","","C","0.73","","C","0.76","","C","0.78","","C","0.80","","C","0.83","","C","0.84","","C","0.84","","C","0.84","","C","0.82","","C","0.85","","C","0.84","","C","0.85","","C","","",""," "," "," "
"624","Guinea-Bissau","611","Y","Gender Parity Index in primary level enrolment","","","","","","","0.55","","C","0.55","","C","0.56","","C","0.58","","C","0.58","","C","0.58","","C","0.58","","C","","","","0.67","","C","","","","","","","","","","","","","","","","","","","","","","","","","","","","0.93","","C","","","","","","","","","","","",""," "," "," "
"328","Guyana","611","Y","Gender Parity Index in primary level enrolment","","","","0.96","","C","0.94","","C","0.95","","C","","","","0.99","","C","1.03","","C","1.05","","C","","","","1.01","","C","0.97","","C","0.96","","C","","","","0.98","","C","","","","1.02","","C","1.04","","C","1.04","","C","1.06","","C","1.08","","C","1.10","","C","1.12","","C","1.13","","C","","","","","",""," "," "," "
"332","Haiti","611","Y","Gender Parity Index in primary level enrolment","","","","","","","0.96","","C","0.95","","C","0.95","","C","0.95","","C","0.95","","C","0.96","","C","0.98","","C","","","","","",""," "," "," ","","","","","","","","",""," "," "," ","","","","","","","","",""," "," "," ","","","","","",""," "," "," ","","","","","",""," "," "," "
"340","Honduras","611","Y","Gender Parity Index in primary level enrolment","1.01","","C","1.01","","C","1.01","","C","1.01","","C","1.01","","C","1.01","","C","1.02","","C","1.02","","C","1.04","","C","1.01","","C","1.01","","C","","","","","","","0.99","","C","0.99","","C","0.99","","C","0.99","","C","1.00","","C","1.00","","C","1.00","","C","1.00","","C","1.00","","C","1.00","","C","0.99","","C","","",""," "," "," "
"348","Hungary","611","Y","Gender Parity Index in primary level enrolment","1.00","","C","0.99","","C","0.99","","C","","","","0.98","","C","0.99","","C","0.98","","C","0.98","","C","0.98","","C","0.98","","C","0.98","","C","0.98","","C","0.98","","C","0.98","","C","0.98","","C","0.98","","C","0.98","","C","0.98","","C","0.99","","C","0.99","","C","0.99","","C","0.99","","C","0.99","","C","0.99","","C","","",""," "," "," "
"352","Iceland","611","Y","Gender Parity Index in primary level enrolment","","","","","","","","","","1.00","","C","1.00","","C","1.00","","C","1.01","","C","1.01","","C","0.99","","C","0.98","","C","0.98","","C","0.99","","C","0.99","","C","0.98","","C","0.98","","C","0.98","","C","0.99","","C","1.00","","C","1.00","","C","1.00","","C","1.01","","C","1.01","","C","1.01","","C","","","","","",""," "," "," "
"356","India","611","Y","Gender Parity Index in primary level enrolment","0.74","","C","0.76","","C","0.77","","C","0.80","","C","0.81","","C","0.81","","C","0.82","","C","0.83","","C","0.83","","C","0.84","","C","0.84","","C","0.85","","C","0.87","","C","0.97","","C"," "," "," "," "," "," "," "," "," ","0.98","","C","1.01","","C","1.02","","C","1.01","","E","1.02","","C","1.03","","C","","","","","",""," "," "," "
"360","Indonesia","611","Y","Gender Parity Index in primary level enrolment","0.96","","C","0.98","","C","0.99","","C","0.97","","C","0.97","","C","0.96","","C","0.96","","C","0.97","","C","0.94","","C","0.97","","C","0.97","","C","0.98","","C","0.98","","C","0.98","","C","0.99","","C","0.98","","E","0.98","","C","0.97","","C","0.99","","C","0.99","","C","1.04","","C","1.04","","C","1.00","","C","","","","","",""," "," "," "
"364","Iran (Islamic Republic of)","611","Y","Gender Parity Index in primary level enrolment","0.89","","C","0.90","","C","0.92","","C","0.93","","C","0.94","","C","0.93","","C","0.93","","C","0.93","","C","0.93","","C","0.94","","C","0.94","","C","0.95","","C","0.95","","C","0.96","","C","0.97","","C","0.98","","C","0.98","","C","0.99","","C","0.99","","C","0.99","","C","0.99","","C","0.99","","C","0.99","","C","1.02","","C","","",""," "," "," "
"368","Iraq","611","Y","Gender Parity Index in primary level enrolment","","","","0.85","","C","0.86","","C","0.85","","C","","","","","","","0.86","","C","","","","","","","0.83","","C","0.83","","C","","","","","","","0.85","","C","0.84","","C","","","","","","","0.84","","C"," "," "," "," "," "," ","","",""," "," "," "," "," "," "," "," "," ","","",""," "," "," "
"372","Ireland","611","Y","Gender Parity Index in primary level enrolment","1.01","","C","1.01","","C","1.00","","C","1.00","","C","1.00","","C","1.00","","C","1.00","","C","1.00","","C","0.99","","C","0.99","","C","0.99","","C","0.99","","C","0.99","","C","0.99","","C","0.99","","C","1.00","","C","0.99","","C","1.00","","C","1.00","","C","1.00","","C","1.00","","C","1.00","","C","1.00","","C","","","","","",""," "," "," "
"376","Israel","611","Y","Gender Parity Index in primary level enrolment","1.03","","C","1.03","","C","1.01","","C","1.01","","C","1.00","","C","","","","","","","","","","","","","0.99","","C","0.99","","C","1.00","","C","1.00","","C","1.00","","C","1.00","","C","1.01","","C","1.01","","C","1.01","","C","1.01","","C","1.01","","C","1.00","","C","1.00","","C","1.00","","C","1.00","","C","","",""," "," "," "
"380","Italy","611","Y","Gender Parity Index in primary level enrolment","1.00","","C","1.00","","C","1.00","","C","1.03","","C","1.04","","C","0.98","","C","0.99","","C","0.99","","C","0.99","","C","0.99","","C","1.00","","C","0.99","","C","0.98","","C","0.99","","C","0.99","","C","0.99","","C","0.99","","C","0.99","","C","0.99","","C","0.99","","C","0.99","","C","0.99","","C","0.99","","C","","","","","",""," "," "," "
"388","Jamaica","611","Y","Gender Parity Index in primary level enrolment","0.99","","C","1.00","","C","","","","0.97","","C","","","","","","","","","","","","","","","","1.00","","E","0.99","","C","0.99","","C","0.99","","C","0.99","","C","0.99","","C"," "," "," ","","",""," "," "," "," "," "," "," "," "," "," "," "," "," "," "," "," "," "," "," "," "," ","","",""," "," "," "
"392","Japan","611","Y","Gender Parity Index in primary level enrolment","1.00","","C","1.00","","C","1.00","","C","1.00","","C","1.00","","C","1.00","","C","1.00","","C","1.00","","C","1.00","","C","1.00","","C","1.00","","C","1.00","","C","1.00","","C","1.00","","C","1.00","","C","1.00","","C","1.00","","C","1.00","","C","1.00","","C","1.00","","C","1.00","","C","1.00","","C","1.00","","C","","","","","",""," "," "," "
"400","Jordan","611","Y","Gender Parity Index in primary level enrolment","1.00","","C","1.01","","C","1.02","","C","1.01","","C","1.01","","C","1.01","","C","1.01","","C","","","","1.01","","C","1.02","","C","1.01","","C","","","","1.01","","C","1.01","","C","1.01","","C","1.01","","C","1.02","","C","1.01","","C","1.00","","C"," "," "," ","0.98","","C","0.98","","C","0.98","","C","","","","","",""," "," "," "
"398","Kazakhstan","611","Y","Gender Parity Index in primary level enrolment","1.05","","C","1.04","","C","1.06","","C","1.06","","C","1.01","","C","1.01","","C","1.01","","C","1.01","","C","1.02","","C","1.01","","C","1.01","","C","1.00","","C","1.00","","C","1.00","","C","1.00","","C","1.00","","C","1.00","","C","1.00","","C","0.99","","C","1.00","","C","1.00","","C","1.01","","C","1.01","","C","1.01","","C"," "," "," "," "," "," "
"404","Kenya","611","Y","Gender Parity Index in primary level enrolment","0.97","","C","0.97","","C","0.97","","C","0.98","","C","0.99","","C","0.98","","C","","","","","","","0.98","","C","0.97","","C","0.99","","C","0.98","","C","0.95","","C","0.95","","C","0.94","","C","0.96","","C","0.97","","C","0.99","","C","0.98","","C","0.98","","C","","","","","","","1.00","","C","","","","","",""," "," "," "
"296","Kiribati","611","Y","Gender Parity Index in primary level enrolment","1.01","","C","1.01","","C","1.02","","C","1.03","","C","1.02","","C","1.03","","C","1.03","","C","1.02","","C","1.02","","C","1.01","","C","0.97","","C","1.03","","C","1.01","","C","0.99","","C","1.03","","C","1.02","","C","1.00","","C","1.03","","C","1.04","","C","1.04","","C","","","","","","","","","","","","","","",""," "," "," "
"408","Korea, Democratic People's Republic of","611","Y","Gender Parity Index in primary level enrolment","","","","","","","","","","","","","","","","","","","","","","","","","","","","","","","","","","","","","","","","","","","","","","","","","","","","","","","","",""," "," "," ","","",""," "," "," ","","","","","","","","",""," "," "," "
"410","Korea, Republic of","611","Y","Gender Parity Index in primary level enrolment","1.01","","C","1.01","","C","1.01","","C","1.01","","C","1.02","","C","1.02","","C","1.02","","C","1.02","","C","1.02","","C","1.01","","C","1.01","","C","1.00","","C","1.00","","C","0.99","","C","0.99","","C","0.99","","C","0.99","","C","0.99","","C","0.99","","C","0.99","","C","0.99","","C","0.99","","C","","","","0.99","","C","0.99","","C"," "," "," "
"414","Kuwait","611","Y","Gender Parity Index in primary level enrolment","0.98","","C","0.96","","C","0.98","","C","1.00","","C","1.02","","C","1.07","","C","1.01","","C","1.03","","C","1.03","","C","1.01","","C","1.00","","C","0.98","","C","0.97","","C","0.99","","C","0.99","","C","0.98","","C","0.99","","C","0.99","","C"," "," "," "," "," "," "," "," "," "," "," "," "," "," "," "," "," "," ","","",""," "," "," "
"417","Kyrgyzstan","611","Y","Gender Parity Index in primary level enrolment","1.02","","C","","","","1.01","","C","1.01","","C","1.02","","C","1.01","","C","0.97","","C","0.95","","C","0.94","","C","0.99","","C","0.98","","C","0.98","","C","0.98","","C","0.99","","C","1.00","","C","0.99","","C","0.99","","C","0.99","","C","1.00","","C","1.00","","C","0.99","","C","0.99","","C","0.98","","C","0.98","","C","","",""," "," "," "
"418","Lao People's Democratic Republic","611","Y","Gender Parity Index in primary level enrolment","0.79","","C","0.79","","C","0.80","","C","0.79","","C","0.79","","C","0.81","","C","0.81","","C","0.82","","C","0.83","","C","0.85","","C","0.85","","C","0.86","","C","0.86","","C","0.87","","C","0.88","","C","0.88","","C","0.88","","C","0.89","","C","0.90","","C","0.91","","C","0.93","","C","0.94","","C","0.95","","C","0.95","","C","","",""," "," "," "
"428","Latvia","611","Y","Gender Parity Index in primary level enrolment","1.07","","C","1.00","","C","1.01","","C","1.01","","C","1.00","","C","0.97","","C","0.97","","C","0.97","","C","0.98","","C","0.98","","C","0.98","","C","0.98","","C","0.98","","C","0.97","","C","0.96","","C","0.96","","C","0.97","","C","0.96","","C","0.96","","C","0.98","","C","0.99","","C","1.00","","C","0.99","","C","0.99","","C","","",""," "," "," "
"422","Lebanon","611","Y","Gender Parity Index in primary level enrolment","","","","","","","1.00","","C","","","","1.00","","C","0.99","","C","0.99","","C","0.97","","C","0.97","","C","0.97","","E","0.97","","E","0.99","","E","0.96","","E","0.94","","E","0.93","","E","0.92","","E","0.91","","C","0.91","","C","0.91","","C","0.92","","C","0.91","","C","0.91","","C","0.91","","C","0.92","","C","","",""," "," "," "
"426","Lesotho","611","Y","Gender Parity Index in primary level enrolment","1.25","","C","1.26","","C","1.23","","C","1.20","","C","1.17","","C","1.15","","C","1.14","","C","1.11","","C","1.11","","C","1.10","","C","1.05","","C","1.03","","C","1.02","","C","1.02","","C","1.01","","C","1.01","","C","1.00","","C","1.00","","C","1.00","","C","1.00","","C","0.98","","C","0.97","","C","0.97","","C","0.98","","C","","",""," "," "," "
"430","Liberia","611","Y","Gender Parity Index in primary level enrolment","","","","","","","","","","","","","","","","","","","","","","","","","0.65","","C","0.75","","C","0.74","","C","","","","","","","","","","","","","","","","0.92","","C","","","","0.91","","C","0.90","","C","","","","0.92","","C","","","","","","","0.92","","C"," "," "," "
"434","Libyan Arab Jamahiriya","611","Y","Gender Parity Index in primary level enrolment","","","","","","","","","","","","","","","","","","","","","","","","","","","","0.99","","C","","","","1.02","","C","1.00","","C","0.97","","C","0.97","","C","0.99","","C","0.96","","C","","","","","","","","","","","","","","","","","","","","","","","",""," "," "," "
"438","Liechtenstein","611","Y","Gender Parity Index in primary level enrolment","","","","","","","","","","","","","","","","","","","","","","","","","","","","","","","","","","","","","","","","1.02","","C","0.99","","C","","","","1.03","","C","0.99","","C","0.96","","C","1.02","","C","0.94","","C","1.01","","C","1.02","","C","","","","","",""," "," "," "
"440","Lithuania","611","Y","Gender Parity Index in primary level enrolment","","","","0.93","","C","0.94","","C","0.95","","C","0.92","","C","0.97","","C","0.97","","C","0.97","","C","0.98","","C","0.98","","C","0.99","","C","0.99","","C","0.99","","C","0.99","","C","0.99","","C","0.99","","C","0.99","","C","0.98","","C","0.97","","C","0.97","","C","0.98","","C","0.98","","C","0.99","","C","0.99","","C","","",""," "," "," "
"442","Luxembourg","611","Y","Gender Parity Index in primary level enrolment","","","","1.08","","C","","","","","","","","","","","","","","","","","","","","","","1.01","","C","1.01","","C","1.00","","C","0.99","","C","1.00","","C","1.00","","C","1.00","","C","1.01","","C","1.00","","C","1.01","","C","","","","1.01","","C","1.02","","C","1.01","","C","","","","","",""," "," "," "
"450","Madagascar","611","Y","Gender Parity Index in primary level enrolment","0.96","","C","0.98","","C","0.92","","C","0.96","","C","0.97","","C","1.04","","C","0.96","","C","","","","0.96","","C","0.97","","C","0.96","","C","0.96","","C","0.96","","C","0.96","","C","0.96","","C","0.96","","C","0.96","","C","0.97","","C","0.97","","C","0.98","","C","0.98","","C","0.98","","C","0.99","","C","0.99","","C","","",""," "," "," "
"454","Malawi","611","Y","Gender Parity Index in primary level enrolment","0.87","","C","0.87","","C","0.87","","C","0.95","","C","0.96","","C","0.92","","C","0.92","","C","","","","","","","0.96","","C","0.97","","C","0.97","","C","0.97","","C","","","","1.03","","C","1.03","","C","1.04","","C","1.04","","C","1.03","","C","1.03","","C","1.04","","C","1.04","","C","1.04","","C","1.03","","C","","",""," "," "," "
"458","Malaysia","611","Y","Gender Parity Index in primary level enrolment","1.00","","C","1.00","","C","1.00","","C","1.00","","C","1.00","","C","1.00","","C","1.00","","C","","","","1.00","","C","0.99","","C","1.00","","C","0.99","","C","0.98","","C","0.96","","C","0.95","","C","0.94","","C"," "," "," "," "," "," "," "," "," "," "," "," "," "," "," "," "," "," "," "," "," ","","","","","",""," "," "," "
"462","Maldives","611","Y","Gender Parity Index in primary level enrolment","","","","","","","1.00","","C","0.99","","C","0.98","","C","0.97","","C","0.97","","C","0.97","","C","1.01","","C","1.01","","C","1.00","","C","1.00","","C","0.99","","C","0.98","","C","0.97","","C","0.98","","C","0.97","","C","0.97","","C"," "," "," "," "," "," "," "," "," "," "," "," "," "," "," ","","","","","",""," "," "," "
"466","Mali","611","Y","Gender Parity Index in primary level enrolment","0.61","","C","0.61","","C","0.61","","C","0.62","","C","0.64","","C","0.69","","C","0.67","","C","0.67","","C","0.71","","C","0.72","","C","0.75","","C","0.74","","C","0.76","","C","0.77","","C","0.79","","C","0.80","","C","0.82","","C","0.83","","C","0.85","","C","0.86","","C","0.87","","C","0.88","","C","0.88","","C"," "," "," ","","",""," "," "," "
"470","Malta","611","Y","Gender Parity Index in primary level enrolment","0.97","","C","0.97","","C","0.98","","C","0.98","","C","0.98","","C","0.97","","C","0.99","","C","0.99","","C","1.00","","C","1.00","","C","1.00","","C","0.99","","C","0.98","","C","0.98","","C","0.98","","C","0.97","","C","0.99","","C","1.00","","C","1.01","","C","1.02","","C","1.02","","C","1.02","","C","1.00","","C","","","","","",""," "," "," "
"584","Marshall Islands","611","Y","Gender Parity Index in primary level enrolment","","","","","","","","","","","","","","","","","","","","","","","","","","","","0.99","","C","","","","","","","0.93","","C","1.02","","C","0.95","","C","1.26","","C","1.00","","C","0.99","","C","1.01","","C","1.00","","C","","","","0.99","","C"," "," "," ","","","","","",""," "," "," "
"474","Martinique","611","Y","Gender Parity Index in primary level enrolment","0.96","","C","0.97","","E","0.97","","C","0.99","","C","0.98","","C","0.98","","E","0.97","","C","","","","","","","","","","","","","","","","","","","","","","","","","","","","","","","","","","","","","","","","","","","","","","","","","","","","","",""," "," "," "
"478","Mauritania","611","Y","Gender Parity Index in primary level enrolment","0.73","","C","0.75","","C","0.78","","C","0.82","","C","0.84","","C","0.84","","C","0.87","","C","0.91","","C","0.94","","C","0.97","","C","0.97","","C","0.96","","C","0.98","","C","1.00","","C","1.01","","C","1.03","","C","1.02","","C","1.03","","C","1.04","","C","1.05","","C","1.05","","C","1.06","","C","1.05","","C","1.05","","C","","",""," "," "," "
"480","Mauritius","611","Y","Gender Parity Index in primary level enrolment","1.01","","C","1.01","","C","1.01","","C","1.01","","C","1.00","","C","1.00","","C","0.99","","C","1.00","","C","1.00","","C","1.00","","C","0.99","","C","0.99","","C","1.00","","C","1.00","","C","0.99","","C","0.99","","C","0.99","","C","0.99","","C","0.99","","C","0.99","","C","0.99","","C","0.99","","C","0.99","","C","0.99","","C","","",""," "," "," "
"175","Mayotte","611","Y","Gender Parity Index in primary level enrolment","","","","","","","","","","","","","","","","","","","","","","","","","","","","","","","","","","","","","","","","","","","","","","","","","","","","","","","","","","","","","","","","","","","","","","","","","","",""," "," "," "
"484","Mexico","611","Y","Gender Parity Index in primary level enrolment","0.97","","C","0.97","","C","0.97","","C","0.96","","C","0.95","","C","0.94","","C","0.93","","C","0.93","","C","0.93","","C","0.94","","C","0.94","","C","0.95","","C","0.96","","C","0.96","","C","0.97","","C","0.97","","C","0.98","","C","0.99","","C","1.00","","C","1.00","","C","1.00","","C","1.00","","C","1.00","","C","1.00","","C","","",""," "," "," "
"583","Micronesia, Federated States of","611","Y","Gender Parity Index in primary level enrolment","","","","","","","","","","","","","","","","","","","","","","","","","","",""," "," "," ","","",""," "," "," ","","","","","","","0.98","","C","0.97","","C","","","","1.01","","C","","","","","","","","","","","","","","","","","","","0.99","","C"," "," "," "
"492","Monaco","611","Y","Gender Parity Index in primary level enrolment","","","","","","","","","","","","","","","","","","","","","","","","","","","","","","","","","","","","","","","","","","","","","","","","","","","","","","","","","","","","","","","","","","","","","","","","","","",""," "," "," "
"496","Mongolia","611","Y","Gender Parity Index in primary level enrolment","","","","0.99","","C","1.01","","C","1.01","","C","1.04","","C","1.03","","C","1.01","","C","1.03","","C","1.02","","C","1.01","","C","1.01","","C","1.01","","C","1.01","","C","1.00","","C","0.99","","C","1.00","","C","1.00","","C","0.99","","C","0.99","","C","0.98","","C","0.98","","C","0.98","","C","0.97","","C","0.97","","C","","",""," "," "," "
"499","Montenegro","611","Y","Gender Parity Index in primary level enrolment","","","","","","","","","","","","","","","","","","","","","","","","","","","","","","","","","","","","","","","","0.99","","C","0.99","","C","0.99","","C","0.99","","C","1.00","","C","1.00","","C","0.98","","C","0.98","","C","1.00","","C","1.01","","C","","","","","",""," "," "," "
"500","Montserrat","611","Y","Gender Parity Index in primary level enrolment","","","","","","","","","","","","","","","","","","","","","","","","","","",""," "," "," "," "," "," "," "," "," ","0.96","","C","","","","0.97","","C","1.04","","C","1.00","","E","1.12","","C","","","","","","","","","","","","","","","","","","","","",""," "," "," "
"504","Morocco","611","Y","Gender Parity Index in primary level enrolment","0.68","","C","0.69","","C","0.70","","C","0.71","","C","0.72","","C","0.74","","C","0.75","","C","0.77","","C","0.79","","C","0.82","","C","0.85","","C","0.88","","C","0.90","","C","0.91","","C","0.91","","C","0.91","","C","0.91","","C","0.91","","C","0.92","","C","0.93","","C","0.94","","C","0.95","","C","0.95","","C","0.95","","C","0.95","","C"," "," "," "
"508","Mozambique","611","Y","Gender Parity Index in primary level enrolment","0.76","","C","0.74","","C","0.75","","C","0.74","","C","0.73","","C","0.72","","C","","","","","","","0.73","","C","0.74","","C","0.75","","C","0.77","","C","0.79","","C","","","","0.83","","C","0.84","","C","0.86","","C","0.87","","C","0.88","","C","0.89","","C","0.90","","C","0.90","","C","0.91","","C","0.91","","C","","",""," "," "," "
"104","Myanmar","611","Y","Gender Parity Index in primary level enrolment","0.93","","C","0.94","","C","0.94","","C","0.94","","C","0.94","","C","0.94","","C","","","","","","","","","","0.97","","C","0.98","","C","0.98","","C","0.99","","C","0.99","","C","1.00","","C","1.00","","C","0.99","","C"," "," "," ","0.99","","C","0.98","","C","0.99","","C","","","","","","","","","","","",""," "," "," "
"516","Namibia","611","Y","Gender Parity Index in primary level enrolment","1.09","","C","1.04","","C","1.02","","C","1.01","","C","1.00","","C","0.99","","C","1.00","","C","1.00","","C","1.00","","C","1.01","","C","1.00","","C","1.00","","C","1.01","","C","1.00","","C","1.00","","C","1.00","","C","1.00","","C","0.99","","C","0.98","","C","0.98","","C","0.98","","C","","","","0.97","","C","","","","","",""," "," "," "
"520","Nauru","611","Y","Gender Parity Index in primary level enrolment","","","","","","","","","","","","","","","","","","","","","","","","","0.96","","C","","","","1.33","","C","1.09","","C","0.97","","C","0.99","","C","1.02","","C","1.05","","C","0.99","","C","1.04","","C","1.06","","C","","","","","","","","","","1.03","","C","","","","","",""," "," "," "
"524","Nepal","611","Y","Gender Parity Index in primary level enrolment","0.59","","C","0.62","","C","0.65","","C","0.66","","C","0.69","","C","0.70","","C","0.72","","C","","","","","","","0.76","","C","0.78","","C","0.83","","C","0.85","","C","0.87","","C","0.88","","C","0.92","","C","0.96","","C","1.00","","C","1.03","","C","1.05","","C","1.07","","C","1.09","","C","1.08","","C","1.08","","C","1.09","","C"," "," "," "
"528","Netherlands","611","Y","Gender Parity Index in primary level enrolment","1.03","","C","1.03","","C","1.02","","C","1.03","","C","0.98","","C","0.98","","C","0.98","","C","0.98","","C","0.98","","C","0.98","","C","0.98","","C","0.98","","C","0.98","","C","0.98","","C","0.97","","C","0.98","","C","0.98","","C","0.98","","C","0.98","","C","0.98","","C","0.99","","C","0.99","","C","0.99","","C","0.99","","E","","",""," "," "," "
"530","Netherlands Antilles","611","Y","Gender Parity Index in primary level enrolment","","","","","","","","","","","","","","","","","","","","","","","","","","","","","","","","","","","","","","","","","","","","","","","","","","","","","","","","","","","","","","","","","","","","","","","","","","",""," "," "," "
"540","New Caledonia","611","Y","Gender Parity Index in primary level enrolment","","","","","","","","","","","","","","","","","","","","","","","","","","","","","","","","","","","","","","","","","","","","","","","","","","","","","","","","","","","","","","","","","","","","","","","","","","",""," "," "," "
"554","New Zealand","611","Y","Gender Parity Index in primary level enrolment","0.98","","C","0.99","","C","0.99","","C","0.99","","C","1.00","","C","1.00","","C","1.00","","C","0.99","","C","1.00","","C","1.00","","C","1.00","","C","0.99","","C","0.99","","C","0.99","","C","0.99","","C","0.99","","C","0.99","","C","1.00","","C","1.00","","C","1.00","","C","1.00","","C","1.01","","C","1.00","","C","1.00","","C","","",""," "," "," "
"558","Nicaragua","611","Y","Gender Parity Index in primary level enrolment","1.07","","C","1.06","","C","1.04","","C","1.04","","C","1.03","","C","1.03","","C","1.03","","C","1.03","","C","1.03","","C","1.01","","C","1.01","","C","1.01","","C","0.99","","C","0.98","","C","0.98","","C","0.97","","C","0.98","","C","0.98","","C","0.98","","C","","","","0.98","","C","","","","","","","","","","","",""," "," "," "
"562","Niger","611","Y","Gender Parity Index in primary level enrolment","0.60","","C","0.60","","C","0.61","","C","0.61","","C","0.58","","C","0.63","","C","0.63","","C","0.64","","C","0.66","","C","0.67","","C","0.68","","C","0.69","","C","0.69","","C","0.70","","C","0.71","","C","0.72","","C","0.73","","C","0.74","","C","0.78","","C","0.79","","C","0.82","","C","0.83","","C","0.84","","C","0.84","","C","","",""," "," "," "
"566","Nigeria","611","Y","Gender Parity Index in primary level enrolment","0.79","","C","0.81","","C","0.82","","C","0.81","","C","0.82","","C","0.83","","C","0.86","","C","","","","","","","0.81","","C","0.81","","C","0.83","","C","0.83","","C","","","","0.84","","C","0.85","","C","0.87","","C","0.89","","C","0.90","","E","0.90","","E","0.92","","E","","","","","",""," "," "," ","","",""," "," "," "
"570","Niue","611","Y","Gender Parity Index in primary level enrolment","","","","","","","","","","","","","","","","","","","","","","","","","0.87","","C","1.00","","C","","","","0.96","","C","","","","","","","1.03","","C","0.89","","C","","","","","","","","","","","","","","","","","","","","","","","","","","",""," "," "," "
"580","Northern Mariana Islands","611","Y","Gender Parity Index in primary level enrolment","","","","","","","","","","","","","","","","","","","","","","","","","","","","","","","","","","","","","","","","","","","","","","","","","","","","","","","","","","","","","","","","","","","","","","","","","","",""," "," "," "
"578","Norway","611","Y","Gender Parity Index in primary level enrolment","1.00","","C","1.00","","C","1.00","","C","1.00","","C","1.00","","C","1.00","","C","1.00","","C","1.00","","C","1.00","","C","1.00","","C","1.00","","C","1.00","","C","1.00","","C","1.00","","C","1.00","","C","1.00","","C","1.01","","C","1.00","","C","1.00","","C","1.00","","C","1.00","","C","1.00","","C","1.00","","C","1.00","","C","","",""," "," "," "
"512","Oman","611","Y","Gender Parity Index in primary level enrolment","0.90","","C","0.92","","C","0.93","","C","0.95","","C","0.98","","C","0.99","","C","0.97","","C","0.98","","C","0.99","","C","0.98","","C","0.97","","C","0.98","","C","0.96","","C","0.96","","C"," "," "," ","0.99","","C","1.00","","C","0.98","","C","0.97","","C","0.94","","C"," "," "," ","1.01","","C","1.01","","C","1.07","","C","","",""," "," "," "
"586","Pakistan","611","Y","Gender Parity Index in primary level enrolment","0.53","","C","","","","","","","","","","","","","","","","","","","","","","","","","","","","0.68","","E","0.68","","C","0.68","","C","0.73","","C","0.73","","C","0.77","","C","0.79","","C","0.83","","C","0.84","","C","0.85","","C","0.85","","C","0.86","","C","0.87","","C","0.87","","C","","",""," "," "," "
"585","Palau","611","Y","Gender Parity Index in primary level enrolment","","","","","","","","","","","","","","","","","","","","","","","","","","","","0.93","","C","0.97","","C","","","","","","","","","","0.97","","C","","","","","","","","","","","","","","","","","","","","","","","","","0.98","","C","0.96","","C"," "," "," "
"591","Panama","611","Y","Gender Parity Index in primary level enrolment","0.96","","C","","","","","","","","","","","","","","","","","","","","","","","","","0.97","","C","0.97","","C","0.97","","C","0.97","","C","0.97","","C","0.97","","C","0.97","","C","0.97","","C","0.97","","C","0.97","","C","0.97","","C","0.96","","C","0.97","","C","0.97","","C","0.97","","C","","",""," "," "," "
"598","Papua New Guinea","611","Y","Gender Parity Index in primary level enrolment","0.84","","C","0.85","","C","0.85","","C","0.86","","C","0.86","","C","0.87","","C","0.86","","C","0.87","","C","0.87","","C"," "," "," ","0.86","","C","0.86","","C","0.85","","C","0.86","","C","0.87","","C","0.85","","C","0.85","","C","","","","0.89","","C","","","","","","","","","","0.91","","C","","","","","",""," "," "," "
"600","Paraguay","611","Y","Gender Parity Index in primary level enrolment","0.96","","C","0.97","","C","0.96","","C","0.97","","C","0.97","","C","0.97","","C","0.97","","C","0.97","","C","0.97","","C","0.96","","C","0.96","","C","0.96","","C","0.96","","C","0.97","","C","0.97","","C","0.97","","C","0.97","","C","0.97","","C","0.97","","C","0.97","","C","0.96","","C","0.96","","C","0.97","","C","","","","","",""," "," "," "
"604","Peru","611","Y","Gender Parity Index in primary level enrolment","","","","0.97","","C","0.97","","C","0.97","","C","","","","0.97","","C","","","","","","","0.99","","C","0.99","","C","0.99","","C","1.00","","C","1.00","","C","0.99","","C","0.99","","C","1.00","","C","0.99","","C","0.99","","C","1.00","","C","1.00","","C","1.00","","C","0.99","","C","0.99","","C","0.99","","C","","",""," "," "," "
"608","Philippines","611","Y","Gender Parity Index in primary level enrolment","0.98","","C","0.99","","C","1.00","","C","1.00","","C","1.02","","C","0.99","","C","0.98","","C","1.00","","C","1.00","","C","1.00","","C","","","","1.00","","C","0.99","","C","0.99","","C","0.99","","C","0.99","","C","0.99","","C","0.99","","C","0.98","","C","0.98","","C"," "," "," "," "," "," ","","","","0.96","","C","","",""," "," "," "
"616","Poland","611","Y","Gender Parity Index in primary level enrolment","0.98","","C","0.98","","C","0.97","","C","0.98","","C","0.98","","C","0.98","","C","0.99","","C","0.98","","C","0.97","","C","0.98","","C","0.99","","C","0.99","","C","0.99","","C","0.99","","C","0.99","","C","0.99","","C","0.99","","C","0.99","","C","0.99","","C","0.99","","C","0.99","","C","1.00","","C","1.00","","C","1.00","","C","","",""," "," "," "
"620","Portugal","611","Y","Gender Parity Index in primary level enrolment","0.96","","C","0.95","","C","0.96","","C","0.96","","C","0.95","","C","0.95","","C","0.95","","C","","","","0.96","","C","0.96","","C","0.96","","C","0.98","","C","0.96","","C","0.95","","C","0.95","","C","0.95","","C","0.95","","C","0.94","","C","0.94","","C","0.97","","C","0.97","","C","0.98","","C","0.98","","C","0.98","","C","","",""," "," "," "
"630","Puerto Rico","611","Y","Gender Parity Index in primary level enrolment","","","","","","","","","","","","","","","","","","","","","","","","","","","","","","","","","","","","","","","","","","","","","","","","","","","","","","","","","","1.04","","C","1.04","","C","1.04","","C","1.05","","C","1.02","","C","","",""," "," "," "
"634","Qatar","611","Y","Gender Parity Index in primary level enrolment","0.94","","C","0.94","","C","0.93","","C","0.96","","C","0.96","","C","0.99","","C","1.05","","C","1.08","","C","0.99","","C","1.06","","C","1.05","","C","1.05","","C","0.93","","C","0.89","","C","0.87","","C","0.90","","C"," "," "," "," "," "," "," "," "," "," "," "," "," "," "," "," "," "," "," "," "," "," "," "," ","","",""," "," "," "
"498","Republic of Moldova","611","Y","Gender Parity Index in primary level enrolment","0.99","","C","1.00","","C","1.00","","C","0.99","","C","1.00","","C","0.99","","C","","","","","","","","","","1.00","","C","0.99","","C","1.00","","E","0.99","","E","0.99","","E","0.99","","E","0.99","","C","0.99","","C","0.98","","C","0.98","","C","0.98","","C","1.00","","C","0.99","","C","1.00","","C","1.00","","C","","",""," "," "," "
"638","Reunion","611","Y","Gender Parity Index in primary level enrolment","","","","","","","","","","","","","0.98","","C","","","","","","","","","","","","","","","","","","","","","","","","","","","","","","","","","","","","","","","","","","","","","","","","","","","","","","","","","","","",""," "," "," "
"642","Romania","611","Y","Gender Parity Index in primary level enrolment","0.99","","C","1.00","","C","1.00","","C","0.99","","C","0.99","","C","0.99","","C","0.99","","C","0.99","","C","0.98","","C","0.98","","C","0.98","","C","0.98","","C","0.98","","C","0.98","","C","0.98","","C","0.99","","C","0.99","","C","0.99","","C","0.98","","C","0.99","","C","0.99","","C","0.98","","C","0.99","","C","","","","","",""," "," "," "
"643","Russian Federation","611","Y","Gender Parity Index in primary level enrolment","1.00","","C","1.00","","C","1.00","","C","1.00","","C","1.00","","C","0.99","","C","","","","","","","","","","0.99","","C","0.99","","C","0.99","","C","0.99","","C","1.00","","C"," "," "," ","1.00","","C","1.00","","C","1.00","","C","1.00","","C","1.00","","C","","","","1.01","","C","1.01","","C","1.01","","C","","",""," "," "," "
"646","Rwanda","611","Y","Gender Parity Index in primary level enrolment","0.99","","C","0.99","","C","0.98","","C","","","","","","","","","","","","","0.98","","C","0.96","","C","0.96","","C","0.94","","C","0.95","","C","0.95","","C","0.95","","C","0.97","","C","1.00","","C","1.03","","C","1.02","","C","1.03","","C","1.03","","C","1.03","","C","1.03","","C","1.02","","C","1.02","","C","","",""," "," "," "
"659","Saint Kitts and Nevis","611","Y","Gender Parity Index in primary level enrolment","0.94","","C","0.99","","C","0.97","","C","0.98","","C","0.99","","C","1.01","","C","","","","","","","0.98","","C","","","","1.04","","C","1.09","","C","1.05","","C","1.02","","C","1.05","","C","1.02","","C","","","","1.00","","C","1.01","","C","1.02","","C","1.00","","C","1.02","","C","1.01","","C","1.03","","C","","",""," "," "," "
"662","Saint Lucia","611","Y","Gender Parity Index in primary level enrolment","0.95","","C","0.95","","C","0.93","","C","0.93","","C","","","","","","","","","","0.93","","C","","","","0.95","","C","0.97","","C","0.95","","C","0.97","","C","0.95","","C","0.95","","C","0.96","","C","0.92","","C","0.95","","C"," "," "," "," "," "," "," "," "," "," "," "," "," "," "," "," "," "," ","","",""," "," "," "
"670","Saint Vincent and the Grenadines","611","Y","Gender Parity Index in primary level enrolment","","","","0.99","","C","","","","","","","0.95","","C","","","","","","","","","","0.92","","C","0.92","","C","0.95","","C","0.95","","C","0.96","","C","0.97","","C","0.96","","C","0.91","","C","","","","0.95","","C","0.92","","C","0.93","","C","0.93","","C","0.97","","C","0.96","","C","0.95","","C","","",""," "," "," "
"882","Samoa","611","Y","Gender Parity Index in primary level enrolment","","","","","","","","","","","","","1.02","","C","1.03","","C","1.02","","C","1.03","","C","1.05","","C","1.00","","C","1.02","","C","1.02","","C","1.01","","C","1.01","","C","1.01","","C","1.01","","C","1.00","","C","1.00","","C","","","","0.97","","C","0.99","","C","1.00","","C","1.00","","C","","","","","",""," "," "," "
"674","San Marino","611","Y","Gender Parity Index in primary level enrolment","","","","","","","","","","","","","","","","","","","","","","","","","","","","","","","","","","","","","","","","","","","","","","","","","","","","","","","","","","1.01","","C","1.13","","E","0.99","","C","0.99","","C","","","","","",""," "," "," "
"678","Sao Tome and Principe","611","Y","Gender Parity Index in primary level enrolment","0.91","","C","0.92","","C","0.97","","C","","","","","","","","","","0.97","","C","","","","0.82","","C","0.97","","C","","","","","","","0.96","","E","0.97","","C","0.98","","C","0.97","","C","","","","1.00","","C","0.98","","C","1.01","","C","0.99","","C","0.97","","C","0.97","","C","0.98","","C","0.96","","C"," "," "," "
"682","Saudi Arabia","611","Y","Gender Parity Index in primary level enrolment","","","","","","","","","","","","","","","","","","","","","","","","","","","","","","","","","","","","","","","","","",""," "," "," ","0.99","","C","","","","0.99","","C","0.99","","C","0.99","","C","1.02","","C","1.03","","C","1.06","","C","1.04","","C","1.05","","C"," "," "," "
"686","Senegal","611","Y","Gender Parity Index in primary level enrolment","0.73","","C","0.74","","C","0.75","","C","0.75","","C","0.75","","C","0.77","","C","0.80","","C","0.82","","C","0.84","","C","0.83","","C","0.87","","C","0.89","","C","0.90","","C","0.92","","C","0.95","","C","0.96","","C","0.98","","C","1.00","","C","1.02","","C","1.04","","C","1.05","","C","1.06","","C","1.08","","C","","","","1.09","","C"," "," "," "
"688","Serbia","611","Y","Gender Parity Index in primary level enrolment","","","","","","","","","","","","","","","","","","","","","","","","","","","","0.99","","C","0.99","","C","1.00","","C","0.99","","C","1.00","","C","1.00","","C","1.01","","C","1.00","","C","1.00","","C","1.00","","C","0.99","","C","0.99","","C","1.00","","C","1.00","","C","1.00","","C","","",""," "," "," "
"690","Seychelles","611","Y","Gender Parity Index in primary level enrolment","","","","1.00","","C","0.99","","C","0.98","","C","1.01","","C","1.01","","C","1.02","","C","1.01","","C","1.01","","C","1.03","","C","1.03","","C","1.02","","C","1.00","","C","0.99","","C","0.99","","C","0.97","","C","","","","1.03","","C","1.04","","C","1.04","","C","1.04","","C","1.05","","C","1.03","","C","1.01","","C","","",""," "," "," "
"694","Sierra Leone","611","Y","Gender Parity Index in primary level enrolment","0.68","","C","0.69","","C","","","","","","","","","","","","","","","","","","","","","","","","","0.92","","C","0.70","","C","","","","","",""," "," "," "," "," "," ","","",""," "," "," ","","","","","","","","","","0.95","","C","0.99","","C","1.00","","C","","",""," "," "," "
"702","Singapore","611","Y","Gender Parity Index in primary level enrolment"," "," "," "," "," "," "," "," "," "," "," "," "," "," "," "," "," "," "," "," "," ","","","","","","","","","","","","","","","","","","","","","","","","","","","","","",""," "," "," "," "," "," "," "," "," ","","","","","","","","","","","","","","",""," "," "," "
"703","Slovakia","611","Y","Gender Parity Index in primary level enrolment","","","","0.99","","C","0.99","","C","1.00","","C","1.00","","C","1.00","","C","1.00","","C","1.00","","C","0.99","","C","0.98","","C","0.99","","C","0.99","","C","1.00","","C","0.99","","C","0.99","","C","0.99","","C","0.99","","C","1.00","","C","1.00","","C","1.00","","C","1.00","","C","1.00","","C","1.00","","C","0.99","","C","","",""," "," "," "
"705","Slovenia","611","Y","Gender Parity Index in primary level enrolment","","","","","","","","","","0.99","","C","1.00","","C","1.00","","C","1.00","","C","0.99","","C","1.00","","C","0.99","","C","1.02","","C","0.99","","C","0.99","","C","0.99","","C","0.99","","C","0.99","","C","0.99","","C","0.99","","C","1.00","","C","1.00","","C","1.00","","C","1.00","","C","1.00","","C","1.00","","C","","",""," "," "," "
"90","Solomon Islands","611","Y","Gender Parity Index in primary level enrolment","0.85","","C","0.85","","C","0.85","","C","0.85","","C","0.87","","C","","","","","","","","","","","","","0.93","","C","0.92","","C","","","","0.94","","C","","","","","","","0.94","","C","0.95","","C","0.95","","C","","","","","","","0.97","","C","0.97","","C","0.98","","C","0.99","","C","","",""," "," "," "
"706","Somalia","611","Y","Gender Parity Index in primary level enrolment","","","","","","","","","","","","","","","","","","","","","","","","","","","","","","","","","","","","","","","","","","","","","","","","","","","","0.55","","C","","","","","","","","","","","","","","","","","","","","",""," "," "," "
"710","South Africa","611","Y","Gender Parity Index in primary level enrolment","0.99","","C","0.99","","C","","","","","","","0.97","","C","0.98","","C","","","","0.97","","C","0.97","","C","0.97","","C","0.95","","C","0.96","","C","0.96","","C","0.95","","C","0.95","","C","0.95","","C","0.94","","C","0.95","","C","0.95","","C","0.95","","C","0.95","","C","0.95","","C","0.95","","C","0.95","","C","","",""," "," "," "
"728","South Sudan","611","Y","Gender Parity Index in primary level enrolment","","","","","","","","","","","","","","","","","","","","","","","","","","","","","","","","","","","","","","","","","","","","","","","",""," "," "," "," "," "," "," "," "," "," "," "," ","","","","0.66","","C","","","","","","","","",""," "," "," "
"724","Spain","611","Y","Gender Parity Index in primary level enrolment","0.98","","C","0.99","","C","0.98","","C","0.98","","C","0.98","","C","0.98","","C","0.98","","C","0.98","","C","0.99","","C","0.99","","C","0.99","","C","0.99","","C","0.99","","C","0.99","","C","0.99","","C","0.99","","C","0.98","","C","0.99","","C","0.99","","C","0.99","","C","0.99","","C","0.99","","C","0.99","","C","1.01","","C","","",""," "," "," "
"144","Sri Lanka","611","Y","Gender Parity Index in primary level enrolment","0.97","","C","0.97","","C","0.97","","C","0.97","","C","0.97","","C","0.97","","C","0.97","","C","","","","0.98","","C","","","","","","","0.99","","C","0.99","","C","1.00","","C","1.07","","C","1.00","","C","1.00","","C","1.00","","C","1.00","","C","1.00","","C","0.99","","C","0.98","","C","1.00","","C","0.99","","C","","",""," "," "," "
"275","State of Palestine","611","Y","Gender Parity Index in primary level enrolment","","","","","","","","","","","","","","","","0.99","","C","0.99","","C","1.00","","C","","","","1.00","","C","1.00","","C","1.00","","C","1.00","","C","1.00","","C","1.00","","C","0.99","","C","1.00","","C","1.00","","C","1.00","","C","1.00","","C","0.98","","C","0.99","","C","0.99","","C","1.01","","C","","",""," "," "," "
"729","Sudan","611","Y","Gender Parity Index in primary level enrolment","","","","","","","","","","","","","","","","","","","","","","","","","","","","","","","","","","0.85","","C","0.84","","C","0.86","","C","0.85","","C","0.88","","C","0.87","","C","0.84","","C","0.87","","C","0.89","","C","0.90","","C","0.89","","C","0.89","","C","","","","","",""," "," "," "
"736","Sudan (former)","611","Y","Gender Parity Index in primary level enrolment","","","","","","","","","","","","","","","","","","","","","","","","","","","","","","","","","","","","","","","","","","","","","","","","","","","","","","","","","","","","","","","","","","","","","","","","","","",""," "," "," "
"740","Suriname","611","Y","Gender Parity Index in primary level enrolment","1.10","","C","1.02","","C","1.01","","C","0.98","","C","1.03","","C","","","","","","","","","","","","","","","","","","","0.99","","C","0.98","","C","","","","","","","0.97","","C","0.96","","C","0.94","","C","0.96","","C","0.95","","C","","","","0.96","","C","","","","0.96","","C","","",""," "," "," "
"748","Swaziland","611","Y","Gender Parity Index in primary level enrolment","1.00","","C","0.98","","C","0.98","","C","0.97","","C","0.98","","C","0.97","","C","0.97","","C","0.97","","C","0.96","","C","0.96","","C","0.95","","C","0.96","","C","0.94","","C","0.96","","C","0.94","","C","0.94","","C","0.93","","C","0.93","","C","","","","0.92","","C","0.92","","C","0.90","","C","0.92","","C","","","","","",""," "," "," "
"752","Sweden","611","Y","Gender Parity Index in primary level enrolment","1.00","","C","1.00","","C","1.00","","C","1.01","","C","1.01","","C","1.01","","C","1.01","","C","1.01","","C","1.03","","C","1.03","","C","1.03","","C","1.03","","C","1.03","","C","1.03","","C","1.00","","C","1.00","","C","1.00","","C","1.00","","C","0.99","","C","1.00","","C","1.00","","C","1.00","","C","1.00","","C","1.06","","C","","",""," "," "," "
"756","Switzerland","611","Y","Gender Parity Index in primary level enrolment","1.01","","C","1.01","","C","1.01","","C","0.99","","C","1.00","","C","1.00","","C","1.00","","C","","","","1.00","","C","0.99","","C","1.00","","C","1.00","","C","1.00","","C","1.00","","C","1.00","","C","1.00","","C","1.00","","C","1.00","","C","1.00","","C","1.00","","C","1.00","","C","1.00","","C","1.00","","C"," "," "," ","","",""," "," "," "
"760","Syrian Arab Republic","611","Y","Gender Parity Index in primary level enrolment","0.90","","C","0.91","","C","0.91","","C","0.91","","C","0.91","","C","0.91","","C","0.91","","C","0.92","","C","0.93","","C","0.92","","C","0.93","","C","0.93","","C","0.94","","C","0.96","","C","0.96","","C","0.97","","C","0.97","","C","0.97","","C","0.97","","C","0.97","","C","0.97","","C","0.97","","C","0.97","","C","0.97","","C","","",""," "," "," "
"762","Tajikistan","611","Y","Gender Parity Index in primary level enrolment","","","","0.98","","C","0.98","","C","0.96","","C","0.97","","C","0.97","","C","0.95","","C","0.97","","C","0.95","","C","0.94","","C","0.93","","C","0.93","","C","0.96","","C","0.96","","C","0.96","","C","0.97","","C","0.96","","C","0.97","","C","0.97","","C","0.97","","C","0.97","","C","0.97","","C","0.98","","C","","","","0.99","","C"," "," "," "
"764","Thailand","611","Y","Gender Parity Index in primary level enrolment","","","","0.98","","C","0.98","","C","0.98","","C","","","","","","","","","","","","","0.98","","C","0.97","","C","0.97","","C","0.98","","C","0.98","","C","","","","0.98","","C","0.97","","C","0.98","","C","0.98","","C","0.98","","C","0.98","","C","0.98","","C","0.97","","C","0.97","","C","0.97","","C","","",""," "," "," "
"807","The former Yugoslav Republic of Macedonia","611","Y","Gender Parity Index in primary level enrolment","","","","","","","","","","0.99","","C","0.99","","C","0.99","","C","0.98","","C","0.98","","C","0.97","","C","0.98","","C","0.99","","C","1.00","","C","1.01","","C","1.00","","C","0.99","","C","0.99","","C","0.99","","C","0.99","","C","1.00","","C","1.00","","C","1.00","","C"," "," "," ","1.00","","C","","","","","",""," "," "," "
"626","Timor-Leste","611","Y","Gender Parity Index in primary level enrolment","","","","","","","","","","","","","","","","","","","","","","","","","","","","","","","","","","","","","","","","","","","0.92","","C","0.91","","C","","",""," "," "," ","0.94","","C","0.95","","C","0.96","","C","0.95","","C","","","","","","","","",""," "," "," "
"768","Togo","611","Y","Gender Parity Index in primary level enrolment","0.64","","C","0.65","","C","0.66","","C","","","","0.66","","C","0.68","","C","0.69","","C","0.70","","C","0.72","","C","0.75","","C","0.78","","C","0.79","","C","0.81","","C","0.82","","C","0.84","","C","0.85","","C","0.86","","C","0.87","","C","0.88","","C","0.85","","C","0.90","","C","0.91","","C","0.92","","C","0.89","","C","","",""," "," "," "
"772","Tokelau","611","Y","Gender Parity Index in primary level enrolment","","","","","","","","","","","","","","","","","","","","","","","","","","","","","","","1.15","","C","1.13","","C","1.12","","C","1.30","","C","","","","","","","","","","","","","","","","","","","","","","","","","","","","","","","","",""," "," "," "
"776","Tonga","611","Y","Gender Parity Index in primary level enrolment","0.99","","C","1.00","","C","1.01","","C","1.01","","C","0.98","","C","0.99","","C","0.97","","C","0.96","","C","0.95","","C","0.95","","C","0.95","","C","0.96","","C","0.96","","C","0.95","","C","0.95","","C","0.97","","C","0.96","","C","0.96","","C","0.95","","C","0.98","","C","0.98","","C","0.99","","C","1.00","","C","1.00","","C","","",""," "," "," "
"780","Trinidad and Tobago","611","Y","Gender Parity Index in primary level enrolment","1.02","","C","1.00","","C","1.00","","C","1.00","","C","1.00","","C","1.00","","C","0.99","","C","0.99","","C","0.99","","C","0.99","","C","0.99","","C","0.98","","C","0.99","","C","0.97","","C","0.97","","C","0.97","","C","","","","0.97","","C","0.97","","C","0.96","","C","0.97","","C","","","","","","","","","","","",""," "," "," "
"788","Tunisia","611","Y","Gender Parity Index in primary level enrolment","0.87","","C","0.88","","C","0.89","","C","0.90","","C","0.91","","C","0.92","","C","0.93","","C","0.94","","C","0.94","","C","0.94","","C","0.95","","C","0.95","","C","0.96","","C","0.96","","C","0.96","","C","0.96","","C","0.96","","C","0.96","","C","0.96","","C","0.97","","C","0.97","","C","0.97","","C","0.98","","C","0.97","","C","","",""," "," "," "
"792","Turkey","611","Y","Gender Parity Index in primary level enrolment","0.91","","C","0.91","","C","0.91","","C","0.91","","C","0.92","","C","0.92","","C","","","","0.92","","C","","","","0.91","","C","0.91","","C","0.92","","C","0.93","","C","0.94","","C","0.94","","C","0.95","","C","0.96","","C","0.97","","C","0.97","","C","0.98","","C","0.99","","C","0.99","","C","0.99","","C","0.99","","C","","",""," "," "," "
"795","Turkmenistan","611","Y","Gender Parity Index in primary level enrolment","","","","","","","","","","","","","","","","","","","","","","","","","","","","","","","","","","","","","","","","","","","","","","","","","","","","","","","","","","","","","","","","","","","","","","","","","0.98","","C"," "," "," "
"796","Turks and Caicos Islands","611","Y","Gender Parity Index in primary level enrolment","","","","","","","","","","","","","","","","","","","","","","","","","","","","","","","","","","","","","","","","0.95","","C","1.03","","E","1.04","","E","","","","","","","","","","","","","","","","","","","","","","","","","","",""," "," "," "
"798","Tuvalu","611","Y","Gender Parity Index in primary level enrolment","","","","","","","","","","","","","","","","","","","","","","","","","","","","","","","1.04","","C","1.13","","C","1.13","","C","1.08","","C","1.03","","C","0.96","","C","0.95","","C","","","","","","","","","","","","","","","","","","","1.00","","C","","",""," "," "," "
"800","Uganda","611","Y","Gender Parity Index in primary level enrolment","0.80","","C","0.82","","C","0.79","","C","0.80","","C","0.93","","C","0.84","","C","0.87","","C","0.88","","C","0.90","","C","0.91","","C","0.94","","C","0.96","","C","0.98","","C","0.98","","C","0.98","","C","0.99","","C","1.00","","C","1.00","","C","1.01","","C","1.01","","C","1.01","","C","1.02","","C","","","","1.02","","C","","",""," "," "," "
"804","Ukraine","611","Y","Gender Parity Index in primary level enrolment","","","","","","","","","","1.00","","C","1.00","","C","","","","","","","","","","1.00","","C","1.00","","C","1.00","","C","1.00","","C","1.00","","C","1.00","","C","0.99","","C","1.00","","C","1.00","","C","1.00","","C","1.00","","C","1.00","","C","1.01","","C","1.01","","C","1.02","","C","1.02","","C","","",""," "," "," "
"784","United Arab Emirates","611","Y","Gender Parity Index in primary level enrolment","0.95","","C","0.96","","C","0.97","","C","0.98","","C","0.98","","C","0.98","","C","0.99","","C","0.98","","C","0.99","","C","0.99","","C"," "," "," "," "," "," "," "," "," "," "," "," ","0.94","","C","0.96","","C","0.99","","C","0.97","","C","","","","0.92","","C","0.93","","C","0.93","","C","0.97","","C"," "," "," ","","",""," "," "," "
"826","United Kingdom","611","Y","Gender Parity Index in primary level enrolment","1.00","","C","1.01","","C","1.00","","C","","","","","","","","","","","","","","","","1.00","","C","1.00","","C","1.00","","C","1.00","","C","1.00","","C","1.00","","C","1.00","","C","1.00","","C","1.00","","C","1.00","","C","1.00","","C","1.00","","C","0.99","","C","1.00","","C","1.00","","C","1.00","","C","","",""," "," "," "
"834","United Republic of Tanzania","611","Y","Gender Parity Index in primary level enrolment","0.99","","C","0.98","","C","0.97","","C","0.97","","C","0.98","","C","0.98","","C","0.98","","C","0.99","","C","0.99","","C","1.00","","C","0.99","","C","0.98","","C","0.97","","C","0.96","","C","0.96","","C","0.96","","C","0.97","","C","0.98","","C","0.99","","C","1.00","","C","1.02","","C","","","","1.03","","C","1.04","","C","","",""," "," "," "
"840","United States","611","Y","Gender Parity Index in primary level enrolment","0.99","","C","0.98","","C","","","","0.98","","C","0.99","","C","0.99","","C","0.99","","C","","","","1.03","","C","1.03","","C","0.98","","C","1.00","","C","1.01","","C","1.00","","C","1.00","","E","0.99","","C","1.01","","C","1.00","","C","1.00","","C","1.00","","C","0.99","","C","1.00","","C","0.98","","C","0.99","","C","","",""," "," "," "
"850","United States Virgin Islands","611","Y","Gender Parity Index in primary level enrolment","","","","0.86","","E","","","","","","","","","","","","","","","","","","","","","","","","","","","","","","","","","","","","","","","","","","","","","","","","","","","","","","","","","","","","","","","","","","","","",""," "," "," "
"858","Uruguay","611","Y","Gender Parity Index in primary level enrolment","0.99","","C","0.99","","C","0.98","","C","0.99","","C","0.99","","C","0.99","","C","0.99","","C","0.99","","C","0.99","","C","0.99","","C","0.98","","C","0.98","","C","0.98","","C","0.98","","C","0.97","","C","0.98","","C","0.97","","C","0.97","","C","0.97","","C","0.97","","C","0.97","","C","","","","","","","","","","","",""," "," "," "
"860","Uzbekistan","611","Y","Gender Parity Index in primary level enrolment","0.99","","C","0.98","","C","0.99","","C","1.00","","C","0.98","","C","0.96","","C","0.97","","C","1.00","","C","1.00","","C","1.00","","C","1.00","","C","0.99","","C","0.98","","C","0.99","","C","0.98","","C","0.98","","C","0.98","","C","0.98","","C","0.98","","C","0.98","","C","0.97","","C","0.97","","C","","","","","","","","",""," "," "," "
"548","Vanuatu","611","Y","Gender Parity Index in primary level enrolment","0.98","","C","0.96","","C","0.96","","C","0.97","","C","0.97","","C","","","","","","","0.98","","C","0.98","","C","0.98","","C","0.97","","C","0.99","","C","0.99","","C","0.99","","C","0.98","","C","0.97","","C","0.98","","C","0.98","","C","1.00","","C","0.99","","C","0.99","","C","","","","","","","0.96","","C","","",""," "," "," "
"862","Venezuela","611","Y","Gender Parity Index in primary level enrolment","","","","0.99","","C","0.98","","C","0.98","","C","","","","","","","0.98","","C","0.98","","C","","","","0.98","","C","0.98","","C","0.98","","C","0.98","","C","0.98","","C","0.98","","C","0.98","","C","0.98","","C","0.97","","C","0.97","","C","0.97","","C","0.97","","C","0.97","","C","0.98","","C","0.98","","C","","",""," "," "," "
"704","Viet Nam","611","Y","Gender Parity Index in primary level enrolment","","","","0.99","","C","","","","","","","","","","0.99","","C","","","","","","","0.95","","C","0.93","","C","0.95","","C","0.95","","C","0.95","","C","0.95","","C","0.95","","C","0.95","","C","0.97","","C","0.97","","C","","","","0.98","","C","0.95","","C","0.96","","C","1.01","","C","0.98","","C","","",""," "," "," "
"732","Western Sahara","611","Y","Gender Parity Index in primary level enrolment","","","","","","","","","","","","","","","","","","","","","","","","","","","","","","","","","","","","","","","","","","","","","","","","","","","","","","","","","","","","","","","","","","","","","","","","","","",""," "," "," "
"887","Yemen","611","Y","Gender Parity Index in primary level enrolment","","","","","","","","","","","","","","","","","","","","","","","","","","","","0.56","","C","","","","0.62","","C","0.66","","C","0.69","","C","0.71","","C","0.74","","C","","","","","","","0.80","","C","","","","0.82","","C","0.82","","C","0.83","","C","0.84","","C","","",""," "," "," "
"894","Zambia","611","Y","Gender Parity Index in primary level enrolment","","","","","","","","","","","","","0.91","","C","0.92","","C","0.91","","C","","","","0.92","","C","0.91","","C","0.92","","C","0.93","","C","0.92","","C","","","","0.94","","C","0.94","","C","0.97","","C","0.96","","C","0.96","","C","0.98","","C","1.00","","C","0.98","","C","0.99","","C","0.99","","C","","",""," "," "," "
"716","Zimbabwe","611","Y","Gender Parity Index in primary level enrolment","0.99","","C","0.97","","C","0.99","","C","","","","","","","0.97","","C","0.97","","C","","","","0.97","","C","0.97","","C","0.97","","C","0.97","","C","0.98","","C","0.99","","C","","","","","",""," "," "," ","","","","","","","","","","","","","","","","0.99","","C","","","","","",""," "," "," "

Code, FootnoteText

Type, Name, Description
C,Country Data,"The figure is the one produced and disseminated by the country (including data adjusted BY THE COUNTRY to meet international standards)"
CA,Country Adjusted,"The figure is the one produced and provided by the country, but adjusted by the international agency for international comparabilitythat is to comply with internationally agreed standards, definitions and classifications (age group, ISCED, etc)"
E,Estimated,"The figure is estimated by the international agency, when corresponding country data on a specific year or set of years are not available, or when multiple sources exist, or there are issues of data quality.  Estimates are based on national data, such as surveys or administrative records, or other sources but on the same variable being estimated."
M,Modeled,"The figure is modeled by the agency when there is a complete lack of data on the variable being estimated. The model is based on a set of covariatesother variables for which data are available and that can explain the phenomenon."
G,Global monitoring data,"The figure is regularly produced by the designated agency for the global monitoring, based on country data. However, there is no corresponding figure at the country level, because the indicator is defined for international monitoring only (example: population below 1$ a day)"
N,Not Relevant,"The figure is not available because the indicator-as defined for the global monitoring-does not apply to the circumstances of the specific country, and therefore is not reported"
NA,Not Available,"A figure was not provided, or the "nature of data" - see other colors for the definition of "nature of data" - is unknown"
